{
	"credit": "Made with Blockbench",
	"texture_size": [32, 32],
	"textures": {
		"0": "tech:item/gun",
		"particle": "tech:item/gun"
	},
	"elements": [
		{
			"name": "main",
			"from": [-4, 0, 3],
			"to": [17, 1.5, 8],
			"rotation": {"angle": 0, "axis": "y", "origin": [5.625, 0.75, 5.5]},
			"faces": {
				"up": {"uv": [0, 2.5, 10.5, 0], "texture": "#0"},
				"down": {"uv": [0, 0, 10.5, 2.5], "texture": "#0"}
			}
		},
		{
			"from": [12, 0, 4.5],
			"to": [17, 1.5, 6.5],
			"rotation": {"angle": 0, "axis": "y", "origin": [5.625, 0.75, 5.5]},
			"faces": {
				"north": {"uv": [0, 6.5, 2.5, 7.25], "texture": "#0"},
				"east": {"uv": [6, 3.5, 7, 4.25], "texture": "#0"},
				"south": {"uv": [2.5, 6.5, 5, 7.25], "texture": "#0"},
				"west": {"uv": [1.5, 8.5, 2.5, 9.5], "texture": "#0"},
				"up": {"uv": [2.5, 8.5, 0, 7.5], "texture": "#0"},
				"down": {"uv": [5, 7.5, 2.5, 8.5], "texture": "#0"}
			}
		},
		{
			"from": [12.5, 0, 4],
			"to": [16.5, 1.5, 4.5],
			"rotation": {"angle": 0, "axis": "y", "origin": [5.625, 0.75, 5.5]},
			"faces": {
				"north": {"uv": [5, 6.5, 7, 7.25], "texture": "#0"},
				"east": {"uv": [2, 9.5, 2.5, 10.25], "texture": "#0"},
				"south": {"uv": [5, 7.5, 7, 8.25], "texture": "#0"},
				"west": {"uv": [5.5, 9.5, 6, 10.5], "texture": "#0"},
				"up": {"uv": [8, 5, 6, 4.5], "texture": "#0"},
				"down": {"uv": [4.5, 8.5, 2.5, 9], "texture": "#0"}
			}
		},
		{
			"from": [13, 0, 3.5],
			"to": [16, 1.5, 4],
			"rotation": {"angle": 0, "axis": "y", "origin": [5.625, 0.75, 5.5]},
			"faces": {
				"north": {"uv": [0, 8.5, 1.5, 9.25], "texture": "#0"},
				"east": {"uv": [6, 9.5, 6.5, 10.25], "texture": "#0"},
				"south": {"uv": [6, 2.5, 7.5, 3.25], "texture": "#0"},
				"west": {"uv": [6.5, 9.5, 7, 10.5], "texture": "#0"},
				"up": {"uv": [8.5, 7.5, 7, 7], "texture": "#0"},
				"down": {"uv": [8.5, 7.5, 7, 8], "texture": "#0"}
			}
		},
		{
			"from": [14, 0, 3],
			"to": [16, 1.5, 3.5],
			"rotation": {"angle": 0, "axis": "y", "origin": [5.625, 0.75, 5.5]},
			"faces": {
				"north": {"uv": [6, 5, 7, 5.75], "texture": "#0"},
				"east": {"uv": [7, 9.5, 7.5, 10.25], "texture": "#0"},
				"south": {"uv": [4.5, 8.5, 5.5, 9.25], "texture": "#0"},
				"west": {"uv": [7.5, 2.5, 8, 3.5], "texture": "#0"},
				"up": {"uv": [7, 6.5, 6, 6], "texture": "#0"},
				"down": {"uv": [8, 8, 7, 8.5], "texture": "#0"}
			}
		},
		{
			"from": [11, 0, 5],
			"to": [12, 1.5, 7],
			"rotation": {"angle": 0, "axis": "y", "origin": [5.625, 0.75, 5.5]},
			"faces": {
				"north": {"uv": [2.5, 10, 3, 10.75], "texture": "#0"},
				"east": {"uv": [5.5, 8.5, 6.5, 9.25], "texture": "#0"},
				"south": {"uv": [3, 10, 3.5, 10.75], "texture": "#0"},
				"west": {"uv": [2.5, 9, 3.5, 10], "texture": "#0"},
				"up": {"uv": [4, 11, 3.5, 10], "texture": "#0"},
				"down": {"uv": [4.5, 10, 4, 11], "texture": "#0"}
			}
		},
		{
			"from": [5, 0, 5.5],
			"to": [11, 1.5, 7.5],
			"rotation": {"angle": 0, "axis": "y", "origin": [5.625, 0.75, 5.5]},
			"faces": {
				"north": {"uv": [0, 2.5, 3, 3.25], "texture": "#0"},
				"east": {"uv": [3.5, 9, 4.5, 9.75], "texture": "#0"},
				"south": {"uv": [0, 3.5, 3, 4.25], "texture": "#0"},
				"west": {"uv": [6.5, 8.5, 7.5, 9.5], "texture": "#0"},
				"up": {"uv": [3, 5.5, 0, 4.5], "texture": "#0"},
				"down": {"uv": [3, 5.5, 0, 6.5], "texture": "#0"}
			}
		},
		{
			"from": [-1.5, -0.5, 5.5],
			"to": [4, 2, 7],
			"rotation": {"angle": 0, "axis": "y", "origin": [5.625, 0.75, 5.5]},
			"faces": {
				"north": {"uv": [3, 2.5, 5.75, 3.25], "texture": "#0"},
				"east": {"uv": [0, 9.5, 0.75, 10.25], "texture": "#0"},
				"south": {"uv": [1.25, 0.5, 4, 0.75], "texture": "#0"},
				"west": {"uv": [1, 9.5, 1.75, 10.5], "texture": "#0"},
				"up": {"uv": [4, 1.25, 1.25, 0.5], "texture": "#0"},
				"down": {"uv": [4, 0.5, 1.25, 1.25], "texture": "#0"}
			}
		},
		{
			"from": [-1.5, 0, 7],
			"to": [4, 1.5, 7.5],
			"rotation": {"angle": 0, "axis": "y", "origin": [5.625, 0.75, 5.5]},
			"faces": {
				"north": {"uv": [3, 2.5, 6, 3.25], "texture": "#0"},
				"east": {"uv": [0, 9.5, 1, 10.25], "texture": "#0"},
				"south": {"uv": [3, 3.5, 5.75, 4.25], "texture": "#0"},
				"west": {"uv": [1, 9.5, 2, 10.5], "texture": "#0"},
				"up": {"uv": [6, 5.5, 3, 4.5], "texture": "#0"},
				"down": {"uv": [6, 5.5, 3, 6.5], "texture": "#0"}
			}
		},
		{
			"from": [-2.5, 0, 6],
			"to": [-1.5, 1.5, 7.5],
			"rotation": {"angle": 0, "axis": "y", "origin": [5.625, 0.75, 5.5]},
			"faces": {
				"north": {"uv": [7.5, 8.5, 8, 9.25], "texture": "#0"},
				"east": {"uv": [7, 3.5, 8, 4.25], "texture": "#0"},
				"south": {"uv": [7.5, 9.5, 8, 10.25], "texture": "#0"},
				"west": {"uv": [7, 5, 7.75, 5.75], "texture": "#0"},
				"up": {"uv": [0.5, 11.5, 0, 10.5], "texture": "#0"},
				"down": {"uv": [8.5, 2.5, 8, 3.5], "texture": "#0"}
			}
		},
		{
			"from": [4, 0, 6],
			"to": [5, 1.5, 7.5],
			"rotation": {"angle": 0, "axis": "y", "origin": [5.625, 0.75, 5.5]},
			"faces": {
				"north": {"uv": [0.5, 10.5, 1, 11.25], "texture": "#0"},
				"east": {"uv": [7, 6, 8, 6.75], "texture": "#0"},
				"south": {"uv": [1, 10.5, 1.5, 11.25], "texture": "#0"},
				"west": {"uv": [4.5, 9.5, 5.5, 10.5], "texture": "#0"},
				"up": {"uv": [8.5, 4.5, 8, 3.5], "texture": "#0"},
				"down": {"uv": [2, 10.5, 1.5, 11.5], "texture": "#0"}
			}
		},
		{
			"from": [8, 0, 7.5],
			"to": [9.5, 0.5, 8],
			"rotation": {"angle": 0, "axis": "y", "origin": [5.625, 0.75, 5.5]},
			"faces": {
				"north": {"uv": [8, 4.5, 8.75, 5], "texture": "#0"},
				"east": {"uv": [2, 10.5, 2.5, 11], "texture": "#0"},
				"south": {"uv": [8, 5, 8.75, 5.5], "texture": "#0"},
				"west": {"uv": [8.5, 3.5, 9, 4], "texture": "#0"},
				"up": {"uv": [8, 6, 8.75, 5.5], "texture": "#0"},
				"down": {"uv": [8, 6, 8.75, 6.5], "texture": "#0"}
			}
		},
		{
			"from": [8, 1, 7.5],
			"to": [9.5, 1.5, 8],
			"rotation": {"angle": 0, "axis": "y", "origin": [5.625, 0.75, 5.5]},
			"faces": {
				"north": {"uv": [8, 6.5, 8.75, 7], "texture": "#0"},
				"east": {"uv": [8.5, 4, 9, 4.5], "texture": "#0"},
				"south": {"uv": [4.5, 10.5, 5.25, 11], "texture": "#0"},
				"west": {"uv": [2, 11, 2.5, 11.5], "texture": "#0"},
				"up": {"uv": [5.5, 11, 6.25, 10.5], "texture": "#0"},
				"down": {"uv": [8, 8, 8.75, 8.5], "texture": "#0"}
			}
		},
		{
			"from": [10, 0.5, 5],
			"to": [10.5, 1, 5.5],
			"rotation": {"angle": 0, "axis": "y", "origin": [5.625, 0.75, 5.5]},
			"faces": {
				"north": {"uv": [2.5, 11, 3, 11.5], "texture": "#0"},
				"east": {"uv": [3, 11, 3.5, 11.5], "texture": "#0"},
				"south": {"uv": [3.5, 11, 4, 11.5], "texture": "#0"},
				"west": {"uv": [4, 11, 4.5, 11.5], "texture": "#0"},
				"up": {"uv": [5, 11.5, 4.5, 11], "texture": "#0"},
				"down": {"uv": [9, 7, 8.5, 7.5], "texture": "#0"}
			}
		},
		{
			"from": [9, 0.5, 5],
			"to": [9.5, 1, 5.5],
			"rotation": {"angle": 0, "axis": "y", "origin": [5.625, 0.75, 5.5]},
			"faces": {
				"north": {"uv": [5, 11, 5.5, 11.5], "texture": "#0"},
				"east": {"uv": [8.5, 7.5, 9, 8], "texture": "#0"},
				"south": {"uv": [5.5, 11, 6, 11.5], "texture": "#0"},
				"west": {"uv": [6, 11, 6.5, 11.5], "texture": "#0"},
				"up": {"uv": [7, 11.5, 6.5, 11], "texture": "#0"},
				"down": {"uv": [7.5, 11, 7, 11.5], "texture": "#0"}
			}
		},
		{
			"from": [8, 0.5, 5],
			"to": [8.5, 1, 5.5],
			"rotation": {"angle": 0, "axis": "y", "origin": [5.625, 0.75, 5.5]},
			"faces": {
				"north": {"uv": [7.5, 11, 8, 11.5], "texture": "#0"},
				"east": {"uv": [8, 11, 8.5, 11.5], "texture": "#0"},
				"south": {"uv": [8.5, 10.5, 9, 11], "texture": "#0"},
				"west": {"uv": [8.5, 11, 9, 11.5], "texture": "#0"},
				"up": {"uv": [0.5, 12, 0, 11.5], "texture": "#0"},
				"down": {"uv": [1, 11.5, 0.5, 12], "texture": "#0"}
			}
		},
		{
			"from": [8.5, 0.5, 4.5],
			"to": [10, 1, 5],
			"rotation": {"angle": 0, "axis": "y", "origin": [5.625, 0.75, 5.5]},
			"faces": {
				"north": {"uv": [8, 8.5, 9, 9], "texture": "#0"},
				"east": {"uv": [1, 11.5, 1.5, 12], "texture": "#0"},
				"south": {"uv": [6.5, 10.5, 7.5, 11], "texture": "#0"},
				"west": {"uv": [9, 3.5, 9.5, 4], "texture": "#0"},
				"up": {"uv": [9, 9.5, 8, 9], "texture": "#0"},
				"down": {"uv": [9, 9.5, 8, 10], "texture": "#0"}
			}
		},
		{
			"from": [-4, 0.5, 7],
			"to": [-2.5, 1, 7.5],
			"rotation": {"angle": 0, "axis": "y", "origin": [5.625, 0.75, 5.5]},
			"faces": {
				"north": {"uv": [7.5, 10.5, 9, 11], "texture": "#0"},
				"east": {"uv": [1.5, 11.5, 2, 12], "texture": "#0"},
				"south": {"uv": [8, 10, 9.5, 10.5], "texture": "#0"},
				"west": {"uv": [9, 4, 9.5, 4.5], "texture": "#0"},
				"up": {"uv": [10, 3, 8.5, 2.5], "texture": "#0"},
				"down": {"uv": [10, 3, 8.5, 3.5], "texture": "#0"}
			}
		},
		{
			"from": [-4, 0.5, 7.5],
			"to": [-3.5, 1, 8],
			"rotation": {"angle": 0, "axis": "y", "origin": [5.625, 0.75, 5.5]},
			"faces": {
				"north": {"uv": [2, 11.5, 2.5, 12], "texture": "#0"},
				"east": {"uv": [9, 4.5, 9.5, 5], "texture": "#0"},
				"south": {"uv": [2.5, 11.5, 3, 12], "texture": "#0"},
				"west": {"uv": [9, 5, 9.5, 5.5], "texture": "#0"},
				"up": {"uv": [3.5, 12, 3, 11.5], "texture": "#0"},
				"down": {"uv": [9.5, 5.5, 9, 6], "texture": "#0"}
			}
		}
	],
	"display": {
		"thirdperson_righthand": {
			"rotation": [-90, 0, -90],
			"translation": [7.25, 2, 2]
		},
		"thirdperson_lefthand": {
			"rotation": [0, 0, 90],
			"translation": [-7.25, 2, 2]
		},
		"firstperson_righthand": {
			"rotation": [-90, -1, -100],
			"translation": [8, 5.25, 4]
		},
		"firstperson_lefthand": {
			"rotation": [-90, -1, 89],
			"translation": [-16, 5.25, 4]
		},
		"ground": {
			"rotation": [-90, 0, 0]
		},
		"gui": {
			"rotation": [90, -145, 27],
			"translation": [1, 3, 0]
		},
		"fixed": {
			"rotation": [90, 180, 90],
			"translation": [14, 3.25, -4.5],
			"scale": [2, 2, 2]
		}
	},
	"groups": [
		0,
		{
			"name": "group",
			"origin": [0, 0, 0],
			"color": 0,
			"nbt": "{}",
			"children": [1, 2, 3, 4, 5, 6, 7, 8, 9, 10, 11, 12, 13, 14, 15, 16, 17, 18]
		}
	]
}