{
	"credit": "Made with Blockbench",
	"texture_size": [64, 64],
	"textures": {
		"0": "tech:item/yamato",
		"particle": "tech:item/yamato"
	},
	"elements": [
		{
			"from": [7.875, 0, 7.375],
			"to": [8.375, 4.5, 8.375],
			"rotation": {"angle": 0, "axis": "y", "origin": [8.125, 12.25, 8]},
			"faces": {
				"north": {"uv": [4.5, 1, 4.75, 3.25], "texture": "#0"},
				"east": {"uv": [3.5, 0, 4, 2.25], "texture": "#0"},
				"south": {"uv": [5, 1, 5.25, 3.25], "texture": "#0"},
				"west": {"uv": [4, 0, 4.5, 2.25], "texture": "#0"},
				"down": {"uv": [5.75, 2, 5.5, 2.5], "texture": "#0"}
			}
		},
		{
			"from": [7.375, 4.5, 6.875],
			"to": [8.875, 5, 8.875],
			"rotation": {"angle": 0, "axis": "y", "origin": [8.125, 12.25, 8]},
			"faces": {
				"north": {"uv": [3.75, 7.5, 4.5, 7.75], "texture": "#0"},
				"east": {"uv": [2.75, 7.5, 3.75, 7.75], "texture": "#0"},
				"south": {"uv": [3.75, 8.75, 4.5, 9], "texture": "#0"},
				"west": {"uv": [4.5, 7.5, 5.5, 7.75], "texture": "#0"},
				"up": {"uv": [4.5, 8.75, 3.75, 7.75], "texture": "#0"},
				"down": {"uv": [4.5, 6.5, 3.75, 7.5], "texture": "#0"}
			}
		},
		{
			"from": [8, 5, 7.375],
			"to": [8.25, 23, 8.375],
			"rotation": {"angle": 0, "axis": "z", "origin": [8.125, 12.25, 8]},
			"faces": {
				"north": {"uv": [2.5, 0, 2.625, 9], "texture": "#0"},
				"east": {"uv": [1.5, 0, 2, 9], "texture": "#0"},
				"south": {"uv": [2.625, 0, 2.75, 9], "texture": "#0"},
				"west": {"uv": [2, 0, 2.5, 9], "texture": "#0"}
			}
		},
		{
			"from": [8, 23, 7.875],
			"to": [8.25, 23.5, 8.375],
			"rotation": {"angle": 0, "axis": "z", "origin": [8.125, 13.25, 8]},
			"faces": {
				"east": {"uv": [4.5, 4, 4.75, 4.25], "texture": "#0"},
				"south": {"uv": [6, 1, 6.125, 1.25], "texture": "#0"},
				"west": {"uv": [5.5, 3, 5.75, 3.25], "texture": "#0"},
				"down": {"uv": [3.625, 4.5, 3.5, 4.75], "texture": "#0"}
			}
		},
		{
			"from": [8, 23, 7.425],
			"to": [8.25, 23.4, 8.475],
			"rotation": {"angle": -45, "axis": "x", "origin": [8.125, 23.14645, 7.875]},
			"faces": {
				"east": {"uv": [5.5, 1, 6, 1.25], "texture": "#0"},
				"south": {"uv": [4, 4.5, 4.125, 4.75], "texture": "#0"},
				"west": {"uv": [5.5, 1.5, 6, 1.75], "texture": "#0"},
				"up": {"uv": [5.125, 4.5, 5, 4], "texture": "#0"}
			}
		}
	],
	"display": {
		"thirdperson_righthand": {
			"translation": [-0.25, 5.25, 1.375],
			"scale": [1.125, 1.125, 1.125]
		},
		"thirdperson_lefthand": {
			"rotation": [0, 0, 180],
			"translation": [-0.25, -4.5, 1.375],
			"scale": [1.125, 1.125, 1.125]
		},
		"firstperson_righthand": {
			"rotation": [0, 170, 15]
		},
		"firstperson_lefthand": {
			"rotation": [0, 18, -157],
			"translation": [4.75, -6, 0]
		},
		"ground": {
			"translation": [0, 4.5, 0]
		},
		"gui": {
			"rotation": [0, 90, 0]
		},
		"head": {
			"rotation": [180, 0, 0],
			"translation": [0, 9.5, 0],
			"scale": [2, 2, 2]
		},
		"fixed": {
			"rotation": [0, 90, 0]
		}
	},
	"groups": [
		{
			"name": "handle",
			"origin": [0, 0, 0],
			"color": 0,
			"children": [0, 1]
		},
		{
			"name": "blade",
			"origin": [8, 8, 8],
			"color": 0,
			"children": [2, 3, 4]
		}
	]
}